item,kind,base_code,base_name,etherealizable,rune_tier,rune,rune_eth_tier,rune_eth,include,note
Berserker's Hatchet,set,2ax,Double Axe,0,4,Nef,,,1,
Naj's Puzzler,set,6cs,Elder Staff,0,22,Um,,,1,
Sazabi's Cobalt Redeemer,set,72h,Legend Sword,0,18,Ko,,,1,
Bul-Kathos' Sacred Charge,set,7gd,Colossus Blade,0,26,Vex,,,1,
Immortal King's Stone Crusher,set,7m7,Ogre Maul,0,21,Pul,,,1,
Dangoon's Teaching,set,7ma,Reinforced Mace,0,19,Fal,,,1,
Natalya's Mark,set,7qr,Scissors Suwayyah,0,26,Vex,,,1,
Bul-Kathos' Tribal Guardian,set,7wd,Mythical Sword,0,26,Vex,,,1,
Griswolds's Redemption,set,7ws,Caduceus,0,26,Vex,,,1,
Aldur's Gauntlet,set,9mt,Jagged Star,0,12,Sol,,,1,
Hwanin's Justice,set,9vo,Bill,0,11,Amn,,,1,
Milabrega's Robe,set,aar,Ancient Armor,0,12,Sol,,,1,
M'avina's Caster,set,amc,Grand Matron Bow,0,23,Mal,,,1,
Tal Rasha's Adjudication,set,amu,Amulet,0,12,Sol,,,1,
Angelic Wings,set,amu,Amulet,0,1,El,,,1,
Cathan's Sigil,set,amu,Amulet,0,1,El,,,1,
Civerb's Icon,set,amu,Amulet,0,1,El,,,1,
Iratha's Collar,set,amu,Amulet,0,1,El,,,1,
Tancred's Weird,set,amu,Amulet,0,1,El,,,1,
Vidala's Snare,set,amu,Amulet,0,1,El,,,1,
Telling of Beads,set,amu,Amulet,0,1,El,,,1,
Immortal King's Will,set,ba5,Avenger Guard,0,7,Tal,,,1,
Tancred's Skull,set,bhm,Bone Helm,0,7,Tal,,,1,
Isenhart's Case,set,brs,Breast Plate,0,5,Eth,,,1,
Isenhart's Lightbrand,set,bsd,Broad Sword,0,4,Nef,,,1,
Cathan's Rule,set,bst,Battle Staff,0,5,Eth,,,1,
Hsarus' Iron Fist,set,buc,Buckler,0,1,El,,,1,
McAuley's Superstition,set,bwn,Bone Wand,0,5,Eth,,,1,
Infernal Cranium,set,cap,Cap,0,1,El,,,1,
McAuley's Paragon,set,cap,Cap,0,1,El,,,1,
Cathan's Mesh,set,chn,Chain Mail,0,4,Nef,,,1,
Naj's Circlet,set,ci0,Circlet,0,7,Tal,,,1,
M'avina's True Sight,set,ci3,Diadem,0,26,Vex,,,1,
Iratha's Coil,set,crn,Crown,0,9,Ort,,,1,
Milabrega's Diadem,set,crn,Crown,0,9,Ort,,,1,
Aldur's Stony Gaze,set,dr8,Hunter's Guise,0,14,Dol,,,1,
Isenhart's Horns,set,fhl,Full Helm,0,4,Nef,,,1,
Tancred's Spine,set,ful,Full Plate Mail,0,11,Amn,,,1,
Warlord's Mantle,set,ful,Full Plate Mail,0,11,Amn,,,1,
Sigon's Visor,set,ghm,Great Helm,0,7,Tal,,,1,
Warlord's Lust,set,ghm,Great Helm,0,7,Tal,,,1,
Civerb's Cudgel,set,gsc,Grand Scepter,0,4,Nef,,,1,
Sigon's Shelter,set,gth,Gothic Plate,0,10,Thul,,,1,
Isenhart's Parry,set,gts,Gothic Shield,0,9,Ort,,,1,
Infernal Torch,set,gwn,Grim Wand,0,8,Ral,,,1,
Sigon's Wrap,set,hbl,Plated Belt,0,8,Ral,,,1,
Warlord's Authority,set,hbl,Plated Belt,0,8,Ral,,,1,
Sigon's Sabot,set,hbt,Greaves,0,8,Ral,,,1,
Warlord's Crushers,set,hbt,Greaves,0,8,Ral,,,1,
Sigon's Gage,set,hgl,Gauntlets,0,8,Ral,,,1,
Warlord's Conquest,set,hgl,Gauntlets,0,8,Ral,,,1,
Bane's Wraithskin,set,hla,Hard Leather Armor,0,6,Ith,,,1,
Berserker's Headgear,set,hlm,Helm,0,3,Tir,,,1,
Milabrega's Orb,set,kit,Kite Shield,0,4,Nef,,,1,
Bane's Oathmaker,set,kri,Kriss,0,8,Ral,,,1,
Vidala's Barb,set,lbb,Long Battle Bow,0,7,Tal,,,1,
Death's Guard,set,lbl,Sash,0,1,El,,,1,
Tancred's Hobnails,set,lbt,Boots,0,1,El,,,1,
Vidala's Ambush,set,lea,Leather Armor,0,1,El,,,1,
Death's Hand,set,lgl,Leather Gloves,0,1,El,,,1,
Civerb's Ward,set,lrg,Large Shield,0,3,Tir,,,1,
Cleglaw's Tooth,set,lsd,Long Sword,0,6,Ith,,,1,
Arcanna's Flesh,set,ltp,Light Plate,0,10,Thul,,,1,
Hsarus' Iron Stay,set,mbl,Belt,0,4,Nef,,,1,
Hwanin's Seal,set,mbl,Belt,0,4,Nef,,,1,
Hsarus' Iron Heel,set,mbt,Chain Boots,0,4,Nef,,,1,
Cleglaw's Pincers,set,mgl,Chain Gloves,0,4,Nef,,,1,
Tancred's Crowbill,set,mpi,Military Pick,0,6,Ith,,,1,
Cathan's Visage,set,msk,Mask,0,6,Ith,,,1,
Trang-Oul's Wing,set,ne9,Cantor Trophy,0,15,Hel,,,1,
Tal Rasha's Lidless Eye,set,oba,Swirling Crystal,0,15,Hel,,,1,
Griswold's Honor,set,paf,Vortex Shield,0,26,Vex,,,1,
Arctic Furs,set,qui,Quilted Armor,0,1,El,,,1,
Angelic Halo,set,rin,Ring,0,1,El,,,1,
Arcanna's Sign,set,rin,Ring,0,1,El,,,1,
Cathan's Seal,set,rin,Ring,0,1,El,,,1,
Angelic Mantle,set,rng,Ring Mail,0,3,Tir,,,1,
Angelic Sickle,set,sbr,Sabre,0,2,Eld,,,1,
Arcanna's Head,set,skp,Skull Cap,0,2,Eld,,,1,
Cleglaw's Claw,set,sml,Small Shield,0,2,Eld,,,1,
Berserker's Hauberk,set,spl,Splint Mail,0,6,Ith,,,1,
Cow King's Hide,set,stu,Studded Leather,0,2,Eld,,,1,
Arctic Horn,set,swb,Short War Bow,0,8,Ral,,,1,
Infernal Sign,set,tbl,Heavy Belt,0,6,Ith,,,1,
Iratha's Cord,set,tbl,Heavy Belt,0,6,Ith,,,1,
Vidala's Fetlock,set,tbt,Light Plated Boots,0,6,Ith,,,1,
Arctic Mitts,set,tgl,Light Gauntlets,0,6,Ith,,,1,
Iratha's Cuff,set,tgl,Light Gauntlets,0,6,Ith,,,1,
Sigon's Guard,set,tow,Tower Shield,0,7,Tal,,,1,
Immortal King's Soul Cage,set,uar,Sacred Armor,0,26,Vex,,,1,
Natalya's Shadow,set,ucl,Loricated Mail,0,22,Um,,,1,
Trang-Oul's Guise,set,uh9,Bone Visage,0,25,Gul,,,1,
Ondal's Almighty,set,uhm,Spired Helm,0,24,Ist,,,1,
M'avina's Embrace,set,uld,Kraken Shell,0,24,Ist,,,1,
Laying of Hands,set,ulg,Bramble Mitts,0,17,Lum,,,1,
Naj's Light Plate,set,ult,Hellforge Plate,0,23,Mal,,,1,
Credendum,set,umc,Mithril Coil,0,22,Um,,,1,
Sazabi's Ghost Liberator,set,upl,Balrog Skin,0,23,Mal,,,1,
Griswold's Valor,set,urn,Corona,0,26,Vex,,,1,
Horazon's Countenance,set,usk,Demonhead,0,22,Um,,,1,
Horazon's Legacy,set,utb,Mirrored Boots,0,24,Ist,,,1,
Trang-Oul's Girth,set,utc,Troll Belt,0,25,Gul,,,1,
Tal Rasha's Howling Wind,set,uth,Lacquered Plate,0,25,Gul,,,1,
Heaven's Taebaek,set,uts,Ward,0,25,Gul,,,1,
Spiritual Custodian,set,uui,Dusk Shroud,0,20,Lem,,,1,
Aldur's Deception,set,uul,Shadow Plate,0,25,Gul,,,1,
Arctic Binding,set,vbl,Light Belt,0,2,Eld,,,1,
Bane's Authority,set,vbl,Light Belt,0,2,Eld,,,1,
Cow King's Hoofs,set,vbt,Heavy Boots,0,2,Eld,,,1,
McAuley's Riprap,set,vbt,Heavy Boots,0,2,Eld,,,1,
McAuley's Taboo,set,vgl,Heavy Gloves,0,2,Eld,,,1,
Horazon's Secrets,set,wad,Occult Codex,0,20,Lem,,,1,
Death's Touch,set,wsd,War Sword,0,8,Ral,,,1,
Milabrega's Rod,set,wsp,War Scepter,0,6,Ith,,,1,
Arcanna's Deathwand,set,wst,War Staff,0,7,Tal,,,1,
Cow King's Horns,set,xap,War Hat,0,10,Thul,,,1,
Griswold's Heart,set,xar,Ornate Plate,0,19,Fal,,,1,
Hwanin's Refuge,set,xcl,Tigulated Mail,0,13,Shael,,,1,
Natalya's Totem,set,xh9,Grim Helm,0,15,Hel,,,1,
Immortal King's Pillar,set,xhb,War Boots,0,16,Io,,,1,
Immortal King's Forge,set,xhg,War Gauntlets,0,16,Io,,,1,
Sazabi's Mental Sheath,set,xhl,Basinet,0,14,Dol,,,1,
Guillaume's Face,set,xhm,Winged Helm,0,22,Um,,,1,um 
Rite of Passage,set,xlb,Demonhide Boots,0,11,Amn,,,1,
Horazon's Hold,set,xlg,Demonhide Gloves,0,11,Amn,,,1,
Natalya's Soul,set,xmb,Mesh Boots,0,13,Shael,,,1,
Trang-Oul's Claws,set,xmg,Heavy Bracers,0,19,Fal,,,1,fal
Wihtstan's Guard,set,xml,Round Shield,0,11,Amn,,,1,
Horazon's Dominion,set,xpl,Russet Armor,0,15,Hel,,,1,
Hwanin's Splendor,set,xrn,Grand Crown,0,16,Io,,,1,
Haemosu's Adament,set,xrs,Cuirass,0,14,Dol,,,1,
Tal Rasha's Horadric Crest,set,xsk,Death Mask,0,14,Dol,,,1,
Aldur's Advance,set,xtb,Battle Boots,0,15,Hel,,,1,
M'avina's Icy Clutch,set,xtg,Battle Gauntlets,0,15,Hel,,,1,
Trang-Oul's Scales,set,xul,Chaos Armor,0,18,Ko,,,1,
Magnus' Skin,set,xvg,Sharkskin Gloves,0,12,Sol,,,1,
Immortal King's Detail,set,zhb,War Belt,0,16,Io,,,1,
Tal Rasha's Fire-Spun Cloth,set,zmb,Mesh Belt,0,13,Shael,,,1,
Wilhelm's Pride,set,ztb,Battle Belt,0,15,Hel,,,1,
M'avina's Tenet,set,zvb,Sharkskin Belt,0,12,Sol,,,1,
Bladebone,unique,2ax,Double Axe,1,6,Ith,8,Ral,1,
Shadowfang,unique,2hs,Two-Handed Sword,1,5,Eth,7,Tal,1,
Ondal's Wisdom,unique,6cs,Elder Staff,1,22,Um,24,Ist,1,
Hellrack,unique,6hx,Colossus Crossbow,0,25,Gul,,,1,
Eaglehorn,unique,6l7,Crusader Bow,0,23,Mal,,,1,
Windforce,unique,6lw,Hydra Bow,0,24,Ist,,,1,
Gutsiphon,unique,6rx,Demon Crossbow,0,24,Ist,,,1,
Widowmaker,unique,6sw,Ward Bow,0,22,Um,,,1,
Mang Song's Lesson,unique,6ws,Archon Staff,1,25,Gul,28,Lo,1,gul
Runemaster,unique,72a,Ettin Axe,1,24,Ist,26,Vex,1,
Doombringer,unique,7b7,Champion Sword,1,16,Io,18,Ko,1,
Lacerator,unique,7b8,Winged Axe,1,23,Mal,25,Gul,1,
Ethereal Edge,unique,7ba,Silver-edged Axe,0,25,Gul,,,1,innately ethereal (prop=ethereal) -- no separate ethereal-input recipe needed
Warshrike,unique,7bk,Winged Knife,1,25,Gul,27,Ohm,1,
Ghostflame,unique,7bl,Legend Spike,0,21,Pul,,,1,innately ethereal (prop=ethereal) -- no separate ethereal-input recipe needed
Viperfork,unique,7br,Mancatcher,1,24,Ist,26,Vex,1,
Hellslayer,unique,7bt,Decapitator,1,21,Pul,23,Mal,1,
Boneshade,unique,7bw,Lich Wand,1,25,Gul,27,Ohm,1,
Nord's Tenderizer,unique,7cl,Truncheon,1,23,Mal,25,Gul,1,
Lightsabre,unique,7cr,Phase Blade,0,20,Lem,,,1,
Azurewrath,unique,7cr,Phase Blade,0,19,Fal,,,1,
Shadowkiller,unique,7cs,Battle Cestus,0,26,Vex,,,1,innately ethereal (prop=ethereal) -- no separate ethereal-input recipe needed
Wizardspike,unique,7dg,Bone Knife,1,8,Ral,10,Thul,1,
Horizon's Tornado,unique,7fl,Scourge,1,22,Um,24,Ist,1,
Stormlash,unique,7fl,Scourge,1,15,Hel,17,Lum,1,
Messerschmidt's Reaver,unique,7ga,Champion Axe,1,22,Um,24,Ist,1,
The Grandfather,unique,7gd,Colossus Blade,1,25,Gul,27,Ohm,1,
Executioner's Justice,unique,7gi,Glorious Axe,1,25,Gul,27,Ohm,1,
Wraithflight,unique,7gl,Ghost Glaive,0,25,Gul,,,1,innately ethereal (prop=ethereal) -- no separate ethereal-input recipe needed
The Cranium Basher,unique,7gm,Thunder Maul,1,26,Vex,28,Lo,1,
Earthshifter,unique,7gm,Thunder Maul,1,23,Mal,25,Gul,1,
Flamebellow,unique,7gs,Balrog Blade,1,24,Ist,26,Vex,1,
Deaths's Web,unique,7gw,Unearthed Wand,1,25,Gul,24,Ist,1,gul
Razoredge,unique,7ha,Tomahawk,1,22,Um,24,Ist,1,
Fleshripper,unique,7kr,Fanged Knife,1,23,Mal,25,Gul,1,
Frostwind,unique,7ls,Cryptic Sword,1,23,Mal,25,Gul,1,
Firelizard's Talons,unique,7lw,Feral Claws,1,22,Um,24,Ist,1,
Windhammer,unique,7m7,Ogre Maul,1,23,Mal,25,Gul,1,
Cranebeak,unique,7mp,War Spike,1,21,Pul,23,Mal,1,
Baranar's Star,unique,7mt,Devil Star,1,9,Ort,11,Amn,1,
Bonehew,unique,7o7,Ogre Axe,1,22,Um,24,Ist,1,
Steelpillar,unique,7p7,War Pike,1,23,Mal,25,Gul,1,
Tomb Reaver,unique,7pa,Cryptic Axe,1,26,Vex,28,Lo,1,ist
Demon's Arch,unique,7s7,Balrog Spear,1,23,Mal,25,Gul,1,
The Reaper's Toll,unique,7s8,Thresher,1,24,Ist,23,Mal,1,ist
Bloodmoon,unique,7sb,Elegant Blade,1,21,Pul,23,Mal,1,
The Reedeemer,unique,7sc,Mighty Scepter,1,24,Ist,26,Vex,1,
Heaven's Light,unique,7sc,Mighty Scepter,1,21,Pul,23,Mal,1,
Djinnslayer,unique,7sm,Ataghan,1,22,Um,24,Ist,1,
Demonlimb,unique,7sp,Tyrant Club,1,21,Pul,23,Mal,1,
Arioc's Needle,unique,7sr,Hyperion Spear,1,24,Ist,28,Lo,1,ist
Gimmershred,unique,7ta,Flying Axe,1,23,Mal,25,Gul,1,
Gargoyle's Bite,unique,7ts,Winged Harpoon,1,23,Mal,25,Gul,1,
Deathcleaver,unique,7wa,Berserker Axe,1,23,Mal,25,Gul,1,
Jadetalon,unique,7wb,Wrist Sword,1,22,Um,24,Ist,1,
Stormspire,unique,7wc,Giant Thresher,1,23,Mal,25,Gul,1,
Stone Crusher,unique,7wh,Legendary Mallet,1,23,Mal,25,Gul,1,
Schaefer's Hammer,unique,7wh,Legendary Mallet,1,15,Hel,17,Lum,1,
Ironward,unique,7ws,Caduceus,1,20,Lem,22,Um,1,
Warpspear,unique,8bs,Gothic Staff,1,14,Dol,16,Io,1,
Endlesshail,unique,8cb,Double Bow,0,13,Shael,,,1,
Chromatic Ire,unique,8cs,Cedar Staff,1,13,Shael,15,Hel,1,
Riphook,unique,8hb,Razor Bow,0,12,Sol,,,1,
Buriza-Do Kyanon,unique,8hx,Ballista,0,19,Fal,,,1,
Cliffkiller,unique,8l8,Long Siege Bow,0,15,Hel,,,1,
Kuko Shakaku,unique,8lb,Cedar Bow,0,12,Sol,,,1,
Ribcracker,unique,8ls,Quarterstaff,1,10,Thul,12,Sol,1,
Godstrike Arch,unique,8lw,Gothic Bow,0,16,Io,,,1,
Langer Briser,unique,8lx,Arbalest,0,12,Sol,,,1,
Pus Spiter,unique,8mx,Siege Crossbow,0,13,Shael,,,1,
Demon Machine,unique,8rx,Chu-Ko-Nu,0,17,Lum,,,1,
Whichwild String,unique,8s8,Short Siege Bow,0,14,Dol,,,1,
Skystrike,unique,8sb,Edge Bow,0,11,Amn,,,1,
Razorswitch,unique,8ss,Jo Staff,1,11,Amn,13,Shael,1,
Magewrath,unique,8sw,Rune Bow,0,15,Hel,,,1,
Skullcollector,unique,8ws,Rune Staff,1,15,Hel,17,Lum,1,
Islestrike,unique,92a,Twin Axe,1,15,Hel,17,Lum,1,
Crainte Vomir,unique,92h,Espandon,1,15,Hel,17,Lum,1,
Butcher's Pupil,unique,9ax,Cleaver,1,14,Dol,16,Io,1,
The Meat Scraper,unique,9b7,Lochaber Axe,1,15,Hel,17,Lum,1,
Cloudcrack,unique,9b9,Gothic Sword,1,16,Io,18,Ko,1,
Spellsteel,unique,9ba,Bearded Axe,1,14,Dol,16,Io,1,
Stormspike,unique,9bl,Stilleto,1,15,Hel,17,Lum,1,
Soulfeast Tine,unique,9br,War Fork,1,13,Shael,15,Hel,1,
Headstriker,unique,9bs,Battle Sword,1,14,Dol,16,Io,1,
Stormrider,unique,9bt,Tabar,1,15,Hel,17,Lum,1,
Arm of King Leoric,unique,9bw,Tomb Wand,1,13,Shael,15,Hel,1,
Dark Clan Crusher,unique,9cl,Cudgel,1,13,Shael,15,Hel,1,
Bing Sz Wang,unique,9cm,Dacian Falx,1,15,Hel,17,Lum,1,
Ginther's Rift,unique,9cr,Dimensional Blade,1,14,Dol,16,Io,1,
Spineripper,unique,9dg,Poignard,1,12,Sol,14,Dol,1,
Heart Carver,unique,9di,Rondel,1,13,Shael,15,Hel,1,
Todesfaelle Flamme,unique,9fb,Zweihander,1,16,Io,18,Ko,1,
Blade of Ali Baba,unique,9fc,Tulwar,1,13,Shael,15,Hel,1,
Baezil's Vortex,unique,9fl,Knout,1,16,Io,18,Ko,1,
Boneslayer Blade,unique,9ga,Gothic Axe,1,15,Hel,17,Lum,1,
Swordguard,unique,9gd,Executioner Sword,1,16,Io,18,Ko,1,
The Minataur,unique,9gi,Ancient Axe,1,16,Io,18,Ko,1,
The Gavel of Pain,unique,9gm,Martel de Fer,1,19,Fal,18,Ko,1,fal
The Vile Husk,unique,9gs,Tusk Sword,1,16,Io,18,Ko,1,
Blackhand Key,unique,9gw,Grave Wand,1,15,Hel,17,Lum,1,
Husoldal Evo,unique,9h9,Bec-de-Corbin,1,16,Io,18,Ko,1,
Coldkill,unique,9ha,Hatchet,1,13,Shael,15,Hel,1,
Blackbog's Sharp,unique,9kr,Cinquedeas,1,14,Dol,16,Io,1,
Warlord's Trust,unique,9la,Military Axe,1,13,Shael,15,Hel,1,
Plague Bearer,unique,9ls,Rune Sword,1,15,Hel,17,Lum,1,
Bloodtree Stump,unique,9m9,War Club,1,17,Lum,19,Fal,1,
Sureshrill Frost,unique,9ma,Flanged Mace,1,14,Dol,16,Io,1,
Pompe's Wrath,unique,9mp,Crowbill,1,16,Io,18,Ko,1,
Moonfall,unique,9mt,Jagged Star,1,15,Hel,17,Lum,1,
Spire of Honor,unique,9p9,Lance,1,14,Dol,16,Io,1,
Pierre Tombale Couant,unique,9pa,Partizan,1,15,Hel,17,Lum,1,
The Fetid Sprinkler,unique,9qs,Holy Water Sprinkler,1,14,Dol,16,Io,1,
Athena's Wrath,unique,9s8,Battle Scythe,1,15,Hel,17,Lum,1,
Hexfire,unique,9sb,Shamshir,1,12,Sol,14,Dol,1,
Zakarum's Hand,unique,9sc,Rune Scepter,1,14,Dol,16,Io,1,
Coldsteel Eye,unique,9sm,Cutlass,1,12,Sol,14,Dol,1,
Fleshrender,unique,9sp,Barbed Club,1,14,Dol,16,Io,1,
The Impaler,unique,9sr,War Spear,1,12,Sol,14,Dol,1,
Bloodletter,unique,9ss,Gladius,1,11,Amn,13,Shael,1,
Hone Sundan,unique,9st,Yari,1,14,Dol,16,Io,1,
The Scalper,unique,9ta,Francisca,1,20,Lem,22,Um,1,
Deathbit,unique,9tk,Battle Dart,1,16,Io,18,Ko,1,
Kelpie Snare,unique,9tr,Fuscina,1,12,Sol,14,Dol,1,
Cutthroat1,unique,9tw,Greater Talons,1,14,Dol,16,Io,1,
Blackleach Blade,unique,9vo,Bill,1,15,Hel,17,Lum,1,
Guardian Naga,unique,9wa,Naga,1,17,Lum,19,Fal,1,
Grim's Burning Dead,unique,9wc,Grim Scythe,1,16,Io,18,Ko,1,
The Atlantian,unique,9wd,Ancient Sword,1,15,Hel,17,Lum,1,
Earthshaker,unique,9wh,Battle Hammer,1,15,Hel,17,Lum,1,
Suicide Branch,unique,9wn,Burnt Wand,1,12,Sol,14,Dol,1,
Hand of Blessed Light,unique,9ws,Divine Scepter,1,15,Hel,17,Lum,1,
Carin Shard,unique,9yw,Petrified Wand,1,13,Shael,15,Hel,1,
Victors Silk,unique,aar,Ancient Armor,1,11,Amn,13,Shael,1,
Lycander's Aim,unique,am7,Ceremonial Bow,1,15,Hel,17,Lum,1,
Lycander's Flank,unique,am9,Ceremonial Pike,1,15,Hel,17,Lum,1,
Titan's Revenge,unique,ama,Ceremonial Javelin,1,18,Ko,20,Lem,1,um
Bloodraven's Charge,unique,amb,Matriarchal Bow,1,24,Ist,26,Vex,1,
Stoneraven,unique,amd,Matriarchal Spear,1,22,Um,24,Ist,1,
Thunderstroke,unique,amf,Matriarchal Javelin,1,23,Mal,25,Gul,1,um
Metalgrid,unique,amu,Amulet,0,26,Vex,,,1,
Mara's Kaleidoscope,unique,amu,Amulet,0,24,Ist,,,1,ist
Highlord's Wrath,unique,amu,Amulet,0,24,Ist,,,1,ist 
The Rising Sun,unique,amu,Amulet,0,22,Um,,,1,
Atma's Scarab,unique,amu,Amulet,0,22,Um,,,1,um
Seraph's Hymn,unique,amu,Amulet,0,21,Pul,,,1,
The Cat's Eye,unique,amu,Amulet,0,17,Lum,,,1,
Crescent Moon,unique,amu,Amulet,0,16,Io,,,1,
The Mahim-Oak Curio,unique,amu,Amulet,0,10,Thul,,,1,
Saracen's Chance,unique,amu,Amulet,0,8,Ral,,,1,
The Eye of Etlich,unique,amu,Amulet,0,6,Ith,,,1,
Nokozan Relic,unique,amu,Amulet,0,4,Nef,,,1,
Deathspade,unique,axe,Axe,1,4,Nef,6,Ith,1,
Arreat's Face,unique,baa,Slayer Guard,1,15,Hel,17,Lum,1,
Wolfhowl,unique,bac,Fury Visor,1,26,Vex,28,Lo,1,
Demonhorn's Edge,unique,bad,Destroyer Helm,1,21,Pul,23,Mal,1,
Halaberd's Reign,unique,bae,Conqueror Crown,1,26,Vex,28,Lo,1,
Dimoaks Hew,unique,bar,Bardiche,1,3,Tir,5,Eth,1,
Goreshovel,unique,bax,Broad Axe,1,6,Ith,8,Ral,1,
Wormskull,unique,bhm,Bone Helm,1,8,Ral,10,Thul,1,
Irices Shard,unique,bld,Blade,1,10,Thul,12,Sol,1,
Bloodthief,unique,brn,Brandistock,1,7,Tal,9,Ort,1,
Venomsward,unique,brs,Breast Plate,1,8,Ral,10,Thul,1,
Griswolds Edge,unique,bsd,Broad Sword,1,7,Tal,9,Ort,1,
Wall of the Eyeless,unique,bsh,Bone Shield,1,8,Ral,10,Thul,1,
The Salamander,unique,bst,Battle Staff,1,8,Ral,10,Thul,1,
Blacktongue,unique,bsw,Bastard Sword,1,10,Thul,12,Sol,1,
The Chieftan,unique,btx,Battle Axe,1,8,Ral,10,Thul,1,
Pelta Lunata,unique,buc,Buckler,1,1,El,3,Tir,1,
Gravenspine,unique,bwn,Bone Wand,1,8,Ral,10,Thul,1,
War Bonnet,unique,cap,Cap,1,1,El,3,Tir,1,
Piercerib,unique,cbw,Composite Bow,0,8,Ral,,,1,
Sparking Mail,unique,chn,Chain Mail,1,7,Tal,9,Ort,1,
Kira's Guardian,unique,ci2,Tiara,1,26,Vex,28,Lo,1,
Griffon's Eye,unique,ci3,Diadem,1,25,Gul,23,Mal,1,gul
Felloak,unique,clb,Club,1,1,El,3,Tir,1,
Soulflay,unique,clm,Claymore,1,8,Ral,10,Thul,1,
Gheed's Fortune,unique,cm3,Grand Charm,0,24,Ist,,,1,ist
Undead Crown,unique,crn,Crown,1,12,Sol,14,Dol,1,
Lazarus Spire,unique,cst,Gnarled Staff,1,7,Tal,9,Ort,1,
Gull,unique,dgr,Dagger,1,2,Eld,4,Nef,1,
The Diggler,unique,dir,Dirk,1,4,Nef,6,Ith,1,
Jalal's Mane,unique,dra,Totemic Mask,1,15,Hel,17,Lum,1,
Cerebus,unique,drb,Blood Spirit,1,21,Pul,23,Mal,1,
Spiritkeeper,unique,drd,Earth Spirit,1,22,Um,24,Ist,1,
Ravenlore,unique,dre,Sky Spirit,1,25,Gul,27,Ohm,1,
Duskdeep,unique,fhl,Full Helm,1,7,Tal,9,Ort,1,
The Generals Tan Do Li Ga,unique,fla,Flail,1,8,Ral,10,Thul,1,
Ripsaw,unique,flb,Flamberge,1,10,Thul,12,Sol,1,
Gleamscythe,unique,flc,Falchion,1,5,Eth,7,Tal,1,
Rockfleece,unique,fld,Field Plate,1,11,Amn,13,Shael,1,
Goldskin,unique,ful,Full Plate Mail,1,11,Amn,13,Shael,1,
Brainhew,unique,gax,Great Axe,1,10,Thul,12,Sol,1,
Howltusk,unique,ghm,Great Helm,1,10,Thul,12,Sol,1,
Kinemils Awl,unique,gis,Giant Sword,1,9,Ort,11,Amn,1,
The Humongous,unique,gix,Giant Axe,1,12,Sol,14,Dol,1,
Steeldriver,unique,gma,Great Maul,1,12,Sol,14,Dol,1,
Rusthandle,unique,gsc,Grand Scepter,1,7,Tal,9,Ort,1,
The Patriarch,unique,gsd,Great Sword,1,12,Sol,14,Dol,1,
Rattlecage,unique,gth,Gothic Plate,1,12,Sol,14,Dol,1,
The Ward,unique,gts,Gothic Shield,1,10,Thul,12,Sol,1,
Umes Lament,unique,gwn,Grim Wand,1,11,Amn,13,Shael,1,
Woestave,unique,hal,Halberd,1,11,Amn,13,Shael,1,
The Gnasher,unique,hax,Hand Axe,1,2,Eld,4,Nef,1,
Bladebuckle,unique,hbl,Plated Belt,1,12,Sol,14,Dol,1,
Tearhaunch,unique,hbt,Greaves,1,12,Sol,14,Dol,1,
Witherstring,unique,hbw,Hunter's Bow,0,5,Eth,,,1,
Hell Forge Hammer,unique,hfh,Hellforge Hammer,1,1,El,3,Tir,1,
Frostburn,unique,hgl,Gauntlets,1,8,Ral,10,Thul,1,
The Centurion,unique,hla,Hard Leather Armor,1,6,Ith,8,Ral,1,
Coif of Glory,unique,hlm,Helm,1,6,Ith,8,Ral,1,
Horadric Staff,unique,hst,Horadric Staff,1,1,El,3,Tir,1,
Hellcast,unique,hxb,Heavy Crossbow,0,11,Amn,,,1,
Rainbow Facet (Hit Power - Lightning),unique,jew,Jewel,0,24,Ist,,,1,
Rainbow Facet (Hit Power - Cold),unique,jew,Jewel,0,24,Ist,,,1,
Rainbow Facet (Hit Power - Fire),unique,jew,Jewel,0,24,Ist,,,1,
Rainbow Facet (Hit Power - Poison),unique,jew,Jewel,0,24,Ist,,,1,
Rainbow Facet (Level Up - Lightning),unique,jew,Jewel,0,24,Ist,,,1,
Rainbow Facet (Level Up - Cold),unique,jew,Jewel,0,24,Ist,,,1,
Rainbow Facet (Level Up - Fire),unique,jew,Jewel,0,24,Ist,,,1,
Rainbow Facet (Level Up - Poison),unique,jew,Jewel,0,24,Ist,,,1,
Steelclash,unique,kit,Kite Shield,1,7,Tal,9,Ort,1,
The Jade Tan Do,unique,kri,Kriss,1,8,Ral,10,Thul,1,
Fechmars Axe,unique,lax,Large Axe,1,3,Tir,5,Eth,1,
Wizendraw,unique,lbb,Long Battle Bow,0,10,Thul,,,1,
Lenyms Cord,unique,lbl,Sash,1,3,Tir,5,Eth,1,
Hotspur,unique,lbt,Boots,1,2,Eld,4,Nef,1,
Rimeraven,unique,lbw,Long Bow,0,6,Ith,,,1,
Blinkbats Form,unique,lea,Leather Armor,1,5,Eth,7,Tal,1,
The Hand of Broc,unique,lgl,Leather Gloves,1,2,Eld,4,Nef,1,
Stormguild,unique,lrg,Large Shield,1,5,Eth,7,Tal,1,
Hellplague,unique,lsd,Long Sword,1,9,Ort,11,Amn,1,
Serpent Lord,unique,lst,Long Staff,1,4,Nef,6,Ith,1,
Heavenly Garb,unique,ltp,Light Plate,1,12,Sol,14,Dol,1,
Blastbark,unique,lwb,Long War Bow,0,11,Amn,,,1,
Leadcrow,unique,lxb,Light Crossbow,0,4,Nef,,,1,
Crushflange,unique,mac,Mace,1,4,Nef,6,Ith,1,
Bonesob,unique,mau,Maul,1,10,Thul,12,Sol,1,
Nightsmoke,unique,mbl,Belt,1,8,Ral,10,Thul,1,
Treads of Cthon,unique,mbt,Chain Boots,1,6,Ith,8,Ral,1,
Chance Guards,unique,mgl,Chain Gloves,1,6,Ith,8,Ral,1,
Mindrend,unique,mpi,Military Pick,1,8,Ral,10,Thul,1,
Staff of Kings,unique,msf,Staff of Kings,1,1,El,3,Tir,1,
The Face of Horror,unique,msk,Mask,1,8,Ral,10,Thul,1,
Bloodrise,unique,mst,Morning Star,1,6,Ith,8,Ral,1,
Ichorsting,unique,mxb,Crossbow,0,7,Tal,,,1,
Homunculus,unique,nea,Heirophant Trophy,1,12,Sol,14,Dol,1,
Boneflame,unique,nee,Succubus Skull,1,24,Ist,26,Vex,1,
Darkforge Spawn,unique,nef,Bloodlord Skull,1,22,Um,24,Ist,1,
The Oculus,unique,oba,Swirling Crystal,1,21,Pul,23,Mal,1,
Eschuta's temper,unique,obc,Eldritch Orb,1,24,Ist,26,Vex,1,ist
Fathom,unique,obf,Dimensional Shard,1,24,Ist,26,Vex,1,
Herald of Zakarum,unique,pa9,Gilded Shield,1,22,Um,17,Lum,1,um
Alma Negra,unique,pac,Sacred Rondache,1,26,Vex,28,Lo,1,
Dragonscale,unique,pae,Zakarum Shield,1,25,Gul,27,Ohm,1,
The Battlebranch,unique,pax,Poleaxe,1,10,Thul,12,Sol,1,
The Tannr Gorerod,unique,pik,Pike,1,11,Amn,13,Shael,1,
Boneflesh,unique,plt,Plate Mail,1,10,Thul,12,Sol,1,
KhalimFlail,unique,qf1,Khalim's Flail,1,1,El,3,Tir,1,
SuperKhalimFlail,unique,qf2,Khalim's Will,1,1,El,3,Tir,1,
Greyform,unique,qui,Quilted Armor,1,3,Tir,5,Eth,1,
The Stone of Jordan,unique,rin,Ring,0,25,Gul,,,1,gul and need to consume for d clone so anni is removed
Wisp,unique,rin,Ring,0,25,Gul,,,1,
Bul Katho's Wedding Band,unique,rin,Ring,0,24,Ist,,,1,ist
Carrion Wind,unique,rin,Ring,0,20,Lem,,,1,
Nature's Peace,unique,rin,Ring,0,19,Fal,,,1,fal
Raven Frost,unique,rin,Ring,0,18,Ko,,,1,
Dwarf Star,unique,rin,Ring,0,16,Io,,,1,
Manald Heal,unique,rin,Ring,0,6,Ith,,,1,
Nagelring,unique,rin,Ring,0,3,Tir,,,1,
Darkglow,unique,rng,Ring Mail,1,6,Ith,8,Ral,1,
Doomspittle,unique,rxb,Repeating Crossbow,0,11,Amn,,,1,
Pullspite,unique,sbb,Short Battle Bow,0,10,Thul,,,1,
Krintizs Skewer,unique,sbr,Sabre,1,4,Nef,6,Ith,1,
Pluckeye,unique,sbw,Short Bow,0,3,Tir,,,1,
Hawkmail,unique,scl,Scale Mail,1,6,Ith,8,Ral,1,
Blood Crescent,unique,scm,Scimitar,1,3,Tir,5,Eth,1,
Knell Striker,unique,scp,Scepter,1,2,Eld,4,Nef,1,
Soul Harvest,unique,scy,Scythe,1,8,Ral,10,Thul,1,
Tarnhelm,unique,skp,Skull Cap,1,6,Ith,8,Ral,1,
Umbral Disk,unique,sml,Small Shield,1,4,Nef,6,Ith,1,
Stoutnail,unique,spc,Spiked Club,1,2,Eld,4,Nef,1,
Swordback Hold,unique,spk,Spiked Shield,1,6,Ith,8,Ral,1,
Iceblink,unique,spl,Splint Mail,1,9,Ort,11,Amn,1,
The Dragon Chang,unique,spr,Spear,1,3,Tir,5,Eth,1,
Lance of Yaggai,unique,spt,Spetum,1,9,Ort,11,Amn,1,
Rixots Keen,unique,ssd,Short Sword,1,1,El,3,Tir,1,
Bane Ash,unique,sst,Short Staff,1,2,Eld,4,Nef,1,
Twitchthroe,unique,stu,Studded Leather,1,7,Tal,9,Ort,1,
Hellclap,unique,swb,Short War Bow,0,11,Amn,,,1,
Goldwrap,unique,tbl,Heavy Belt,1,4,Nef,6,Ith,1,
Goblin Toe,unique,tbt,Light Plated Boots,1,19,Fal,11,Amn,1,fal
Magefist,unique,tgl,Light Gauntlets,1,19,Fal,10,Thul,1,fal
Bverrit Keep,unique,tow,Tower Shield,1,8,Ral,10,Thul,1,
Razortine,unique,tri,Trident,1,5,Eth,7,Tal,1,
Harlequin Crest,unique,uap,Shako,1,24,Ist,31,Jah,1,ist
Tyrael's Might,unique,uar,Sacred Armor,1,26,Vex,28,Lo,1,
Templar's Might,unique,uar,Sacred Armor,1,25,Gul,27,Ohm,1,
Giantskull,unique,uh9,Bone Visage,1,22,Um,24,Ist,1,
Shadowdancer,unique,uhb,Myrmidon Greaves,1,24,Ist,26,Vex,1,
Steelrend,unique,uhg,Ogre Gauntlets,1,12,Sol,14,Dol,1,
Nightwing's Veil,unique,uhm,Spired Helm,1,22,Um,24,Ist,1,
Veil of Steel,unique,uhm,Spired Helm,1,20,Lem,22,Um,1,
Stormshield,unique,uit,Monarch,1,20,Lem,22,Um,1,
Arachnid Mesh,unique,ulc,Spiderweb Sash,1,24,Ist,25,Gul,1,ist
Leviathan,unique,uld,Kraken Shell,1,22,Um,24,Ist,1,
Steelshade,unique,ulm,Armet,1,21,Pul,23,Mal,1,
Marrowwalk,unique,umb,Boneweave Boots,1,22,Um,24,Ist,1,
Verdungo's Hearty Cord,unique,umc,Mithril Coil,1,16,Io,18,Ko,1,
Souldrain,unique,umg,Vambraces,1,25,Gul,27,Ohm,1,
Blackoak Shield,unique,uml,Luna,1,20,Lem,22,Um,1,
Medusa's Gaze,unique,uow,Aegis,1,25,Gul,27,Ohm,1,
Spike Thorn,unique,upk,Blade Barrier,1,23,Mal,25,Gul,1,
Arkaine's Valor,unique,upl,Balrog Skin,1,26,Vex,28,Lo,1,
Crown of Ages,unique,urn,Corona,1,22,Um,24,Ist,1,
Headhunter's Glory,unique,ush,Troll Nest,1,25,Gul,27,Ohm,1,
Andariel's Visage,unique,usk,Demonhead,1,22,Um,27,Ohm,1,um
Spirit Ward,unique,uts,Ward,1,23,Mal,25,Gul,1,
The Gladiator's Bane,unique,utu,Wire Fleece,1,26,Vex,28,Lo,1,
Ormus' Robes,unique,uui,Dusk Shroud,1,22,Um,27,Ohm,1,um
Steel Carapice,unique,uul,Shadow Plate,1,22,Um,24,Ist,1,
Sandstorm Trek,unique,uvb,Scarabshell Boots,1,13,Shael,15,Hel,1,
Nosferatu's Coil,unique,uvc,Vampirefang Belt,1,20,Lem,22,Um,1,
Dracul's Grasp,unique,uvg,Vampirebone Gloves,1,25,Gul,27,Ohm,1,
Snakecord,unique,vbl,Light Belt,1,5,Eth,7,Tal,1,
Gorefoot,unique,vbt,Heavy Boots,1,4,Nef,6,Ith,1,
Bloodfist,unique,vgl,Heavy Gloves,1,4,Nef,6,Ith,1,
Amulet of the Viper,unique,vip,vip,0,1,El,,,0,EXCLUDED: quest-reward-only base (vip) never exists as a plain white item -- forward recipe would be uncraftable
Steelgoad,unique,vou,Voulge,1,6,Ith,8,Ral,1,
Rakescar,unique,wax,War Axe,1,11,Amn,13,Shael,1,
Ironstone,unique,whm,War Hammer,1,11,Amn,13,Shael,1,
Iros Torch,unique,wnd,Wand,1,2,Eld,4,Nef,1,
The Grim Reaper,unique,wsc,War Scythe,1,12,Sol,14,Dol,1,
Culwens Point,unique,wsd,War Sword,1,12,Sol,14,Dol,1,
Stormeye,unique,wsp,War Scepter,1,9,Ort,11,Amn,1,
The Iron Jang Bong,unique,wst,War Staff,1,11,Amn,13,Shael,1,
Peasent Crown,unique,xap,War Hat,1,11,Amn,13,Shael,1,
Corpsemourn,unique,xar,Ornate Plate,1,19,Fal,21,Pul,1,
Crow Caw,unique,xcl,Tigulated Mail,1,14,Dol,16,Io,1,
Skin of the Vipermagi,unique,xea,Serpentskin Armor,1,23,Mal,16,Io,1,mal
Vampiregaze,unique,xh9,Grim Helm,1,17,Lum,19,Fal,1,
Gorerider,unique,xhb,War Boots,1,19,Fal,19,Fal,1,fal
Hellmouth,unique,xhg,War Gauntlets,1,16,Io,18,Ko,1,
Darksight Helm,unique,xhl,Basinet,1,14,Dol,16,Io,1,
Valkiry Wing,unique,xhm,Winged Helm,1,16,Io,18,Ko,1,
Shaftstop,unique,xhn,Mesh Armor,1,12,Sol,14,Dol,1,
Tiamat's Rebuke,unique,xit,Dragon Shield,1,14,Dol,16,Io,1,
Rockstopper,unique,xkp,Sallet,1,12,Sol,14,Dol,1,
Skin of the Flayerd One,unique,xla,Demonhide Armor,1,12,Sol,14,Dol,1,
Infernostride,unique,xlb,Demonhide Boots,1,11,Amn,13,Shael,1,
Toothrow,unique,xld,Sharktooth Armor,1,17,Lum,19,Fal,1,
Venom Grip,unique,xlg,Demonhide Gloves,1,11,Amn,13,Shael,1,
Stealskull,unique,xlm,Casque,1,13,Shael,15,Hel,1,
Guardian Angel,unique,xlt,Templar Coat,1,22,Um,18,Ko,1,um
Silkweave,unique,xmb,Mesh Boots,1,13,Shael,15,Hel,1,
Ghoulhide,unique,xmg,Heavy Bracers,1,13,Shael,15,Hel,1,
Mosers Blessed Circle,unique,xml,Round Shield,1,12,Sol,14,Dol,1,
Spiritforge,unique,xng,Linked Mail,1,13,Shael,15,Hel,1,
Kerke's Sanctuary,unique,xow,Pavise,1,16,Io,18,Ko,1,
Lance Guard,unique,xpk,Barbed Shield,1,13,Shael,15,Hel,1,
Skullder's Ire,unique,xpl,Russet Armor,1,15,Hel,17,Lum,1,
Stormchaser,unique,xrg,Scutum,1,13,Shael,15,Hel,1,
Crown of Thieves,unique,xrn,Grand Crown,1,17,Lum,19,Fal,1,
Duriel's Shell,unique,xrs,Cuirass,1,11,Amn,13,Shael,1,
Lidless Wall,unique,xsh,Grim Shield,1,15,Hel,17,Lum,1,
Blackhorn's Face,unique,xsk,Death Mask,1,15,Hel,17,Lum,1,
Wartraveler,unique,xtb,Battle Boots,1,24,Ist,17,Lum,1,ist
Lavagout,unique,xtg,Battle Gauntlets,1,15,Hel,17,Lum,1,
Atma's Wail,unique,xth,Embossed Plate,1,18,Ko,20,Lem,1,
Que-Hegan's Wisdon,unique,xtp,Mage Plate,1,18,Ko,20,Lem,1,
Radimant's Sphere,unique,xts,xts,1,17,Lum,19,Fal,1,
Ironpelt,unique,xtu,Trellised Armor,1,12,Sol,14,Dol,1,
Visceratuant,unique,xuc,Defender,1,11,Amn,13,Shael,1,
The Spirit Shroud,unique,xui,Ghost Armor,1,11,Amn,13,Shael,1,
Black Hades,unique,xul,Chaos Armor,1,18,Ko,20,Lem,1,
Waterwalk,unique,xvb,Sharkskin Boots,1,9,Ort,11,Amn,1,
Gravepalm,unique,xvg,Sharkskin Gloves,1,12,Sol,14,Dol,1,
Maelstromwrath,unique,ywn,Yew Wand,1,6,Ith,8,Ral,1,
Thudergod's Vigor,unique,zhb,War Belt,1,22,Um,18,Ko,1,um
String of Ears,unique,zlb,Demonhide Sash,1,10,Thul,12,Sol,1,
Gloomstrap,unique,zmb,Mesh Belt,1,14,Dol,16,Io,1,
Snowclash,unique,ztb,Battle Belt,1,15,Hel,17,Lum,1,
Razortail,unique,zvb,Sharkskin Belt,1,22,Um,14,Dol,1,um
