item,display_name
Griswolds's Redemption,Griswold's Redemption
Aldur's Gauntlet,Aldur's Rhythm
McAuley's Superstition,Sander's Superstition
McAuley's Paragon,Sander's Paragon
Hwanin's Seal,Hwanin's Blessing
Tal Rasha's Howling Wind,Tal Rasha's Guardianship
Heaven's Taebaek,Taebaek's Glory
Spiritual Custodian,Dark Adherent
Cow King's Hoofs,Cow King's Hooves
McAuley's Riprap,Sander's Riprap
McAuley's Taboo,Sander's Taboo
Wihtstan's Guard,Whitstan's Guard
Haemosu's Adament,Haemosu's Adamant
Tal Rasha's Fire-Spun Cloth,Tal Rasha's Fine-Spun Cloth
Gutsiphon,Gut Siphon
Runemaster,Rune Master
Shadowkiller,Shadow Killer
Wraithflight,Wraith Flight
Earthshifter,Earth Shifter
Deaths's Web,Death's Web
Razoredge,Razor's Edge
Steelpillar,Steel Pillar
The Reedeemer,The Redeemer
Djinnslayer,Djinn Slayer
Demonlimb,Demon Limb
Deathcleaver,Death Cleaver
Jadetalon,Jade Talon
Ironward,Astreon's Iron Ward
Godstrike Arch,Goldstrike Arch
Pus Spiter,Pus Spitter
Whichwild String,Witchwild String
Skullcollector,Skull Collector
The Minataur,The Minotaur
Pompe's Wrath,Pompeii's Wrath
Cutthroat1,Bartuc's Cut-Throat
The Atlantian,The Atlantean
Victors Silk,Silks of the Victor
Bloodraven's Charge,Blood Raven's Charge
Dimoaks Hew,Dimoak's Hew
Irices Shard,Spectral Shard
Venomsward,Venom Ward
Griswolds Edge,Griswold's Edge
The Chieftan,The Chieftain
War Bonnet,Biggin's Bonnet
Piercerib,Rogue's Bow
Lazarus Spire,Spire of Lazarus
Cerebus,Cerebus' Bite
Spiritkeeper,Spirit Keeper
The Generals Tan Do Li Ga,The General's Tan Do Li Ga
Kinemils Awl,Kinemil's Awl
The Humongous,Humongous
Umes Lament,Ume's Lament
Fechmars Axe,Axe of Fechmar
Lenyms Cord,Lenymo
Rimeraven,Raven Claw
Blinkbats Form,Blinkbat's Form
Bonesob,Bonesnap
Mindrend,Skull Splitter
Darkforge Spawn,Darkforce Spawn
Eschuta's temper,Eschuta's Temper
Fathom,Death's Fathom
KhalimFlail,Khalim's Flail
SuperKhalimFlail,Khalim's Will
Wisp,Wisp Projector
Bul Katho's Wedding Band,Bul-Kathos' Wedding Band
Doomspittle,Doomslinger
Pullspite,Stormstrike
Krintizs Skewer,Skewer of Krintiz
Rixots Keen,Rixot's Keen
Giantskull,Giant Skull
Shadowdancer,Shadow Dancer
Steelshade,Steel Shade
Souldrain,Soul Drainer
Headhunter's Glory,Head Hunter's Glory
Steel Carapice,Steel Carapace
Iros Torch,Torch of Iro
Culwens Point,Culwen's Point
Peasent Crown,Peasant Crown
Vampiregaze,Vampire Gaze
Gorerider,Gore Rider
Valkiry Wing,Valkyrie Wing
Skin of the Flayerd One,Skin of the Flayed One
Mosers Blessed Circle,Moser's Blessed Circle
Spiritforge,Spirit Forge
Kerke's Sanctuary,Gerke's Sanctuary
Wartraveler,War Traveler
Lavagout,Lava Gout
Que-Hegan's Wisdon,Que-Hegan's Wisdom
Radimant's Sphere,Radament's Sphere
Ironpelt,Iron Pelt
Maelstromwrath,Maelstrom
Thudergod's Vigor,Thundergod's Vigor
Gloomstrap,Gloom's Trap
