Set,Item,Base Item
Angelic Raiment,Angelic Sickle,Sabre
Angelic Raiment,Angelic Mantle,Ring Mail
Angelic Raiment,Angelic Halo,Ring
Angelic Raiment,Angelic Wings,Amulet
Arcanna's Tricks,Arcanna's Sign,Ring
Arcanna's Tricks,Arcanna's Deathwand,War Staff
Arcanna's Tricks,Arcanna's Head,Skull Cap
Arcanna's Tricks,Arcanna's Flesh,Light Plate
Arctic Gear,Arctic Furs,Quilted Armor
Arctic Gear,Arctic Binding,Light Belt
Arctic Gear,Arctic Mitts,Light Gauntlets
Arctic Gear,Arctic Horn,Short War Bow
Berserker's Arsenal,Berserker's Headgear,Helm
Berserker's Arsenal,Berserker's Hauberk,Splint Mail
Berserker's Arsenal,Berserker's Hatchet,Double Axe
Cathan's Traps,Cathan's Seal,Ring
Cathan's Traps,Cathan's Sigil,Amulet
Cathan's Traps,Cathan's Rule,Battle Staff
Cathan's Traps,Cathan's Mesh,Chain Mail
Cathan's Traps,Cathan's Visage,Mask
Civerb's Vestments,Civerb's Cudgel,Grand Scepter
Civerb's Vestments,Civerb's Icon,Amulet
Civerb's Vestments,Civerb's Ward,Large Shield
Cleglaw's Brace,Cleglaw's Tooth,Long Sword
Cleglaw's Brace,Cleglaw's Claw,Small Shield
Cleglaw's Brace,Cleglaw's Pincers,Chain Gloves
Death's Disguise,Death's Touch,War Sword
Death's Disguise,Death's Guard,Sash
Death's Disguise,Death's Hand,Leather Gloves
Hsarus' Defense,Hsarus' Iron Heel,Chain Boots
Hsarus' Defense,Hsarus' Iron Fist,Buckler
Hsarus' Defense,Hsarus' Iron Stay,Belt
Infernal Tools,Infernal Cranium,Cap
Infernal Tools,Infernal Torch,Grim Wand
Infernal Tools,Infernal Sign,Heavy Belt
Iratha's Finery,Iratha's Coil,Crown
Iratha's Finery,Iratha's Cuff,Light Gauntlets
Iratha's Finery,Iratha's Collar,Amulet
Iratha's Finery,Iratha's Cord,Heavy Belt
Isenhart's Armory,Isenhart's Horns,Full Helm
Isenhart's Armory,Isenhart's Case,Breast Plate
Isenhart's Armory,Isenhart's Lightbrand,Broad Sword
Isenhart's Armory,Isenhart's Parry,Gothic Shield
Milabrega's Regalia,Milabrega's Orb,Kite Shield
Milabrega's Regalia,Milabrega's Robe,Ancient Armor
Milabrega's Regalia,Milabrega's Rod,War Scepter
Milabrega's Regalia,Milabrega's Diadem,Crown
Sigon's Complete Steel,Sigon's Guard,Tower Shield
Sigon's Complete Steel,Sigon's Visor,Great Helm
Sigon's Complete Steel,Sigon's Shelter,Gothic Plate
Sigon's Complete Steel,Sigon's Sabot,Greaves
Sigon's Complete Steel,Sigon's Wrap,Plated Belt
Sigon's Complete Steel,Sigon's Gage,Gauntlets
Tancred's Battlegear,Tancred's Skull,Bone Helm
Tancred's Battlegear,Tancred's Spine,Full Plate Mail
Tancred's Battlegear,Tancred's Hobnails,Boots
Tancred's Battlegear,Tancred's Crowbill,Military Pick
Tancred's Battlegear,Tancred's Weird,Amulet
Vidala's Rig,Vidala's Barb,Long Battle Bow
Vidala's Rig,Vidala's Ambush,Leather Armor
Vidala's Rig,Vidala's Fetlock,Light Plated Boots
Vidala's Rig,Vidala's Snare,Amulet
Aldur's Watchtower,Aldur's Gauntlet,Jagged Star
Aldur's Watchtower,Aldur's Stony Gaze,Hunter's Guise
Aldur's Watchtower,Aldur's Advance,Battle Boots
Aldur's Watchtower,Aldur's Deception,Shadow Plate
Bul-Kathos' Children,Bul-Kathos' Sacred Charge,Colossus Blade
Bul-Kathos' Children,Bul-Kathos' Tribal Guardian,Mythical Sword
Cow King's Leathers,Cow King's Horns,War Hat
Cow King's Leathers,Cow King's Hide,Studded Leather
Cow King's Leathers,Cow King's Hoofs,Heavy Boots
The Disciple,Spiritual Custodian,Dusk Shroud
The Disciple,Credendum,Mithril Coil
The Disciple,Laying of Hands,Bramble Mitts
The Disciple,Rite of Passage,Demonhide Boots
The Disciple,Telling of Beads,Amulet
Griswold's Legacy,Griswold's Valor,Corona
Griswold's Legacy,Griswold's Heart,Ornate Plate
Griswold's Legacy,Griswolds's Redemption,Caduceus
Griswold's Legacy,Griswold's Honor,Vortex Shield
Heaven's Brethren,Dangoon's Teaching,Reinforced Mace
Heaven's Brethren,Haemosu's Adament,Cuirass
Heaven's Brethren,Ondal's Almighty,Spired Helm
Heaven's Brethren,Heaven's Taebaek,Ward
Hwanin's Majesty,Hwanin's Justice,Bill
Hwanin's Majesty,Hwanin's Splendor,Grand Crown
Hwanin's Majesty,Hwanin's Refuge,Tigulated Mail
Hwanin's Majesty,Hwanin's Seal,Belt
Immortal King,Immortal King's Stone Crusher,Ogre Maul
Immortal King,Immortal King's Soul Cage,Sacred Armor
Immortal King,Immortal King's Will,Avenger Guard
Immortal King,Immortal King's Detail,War Belt
Immortal King,Immortal King's Forge,War Gauntlets
Immortal King,Immortal King's Pillar,War Boots
M'avina's Battle Hymn,M'avina's Caster,Grand Matron Bow
M'avina's Battle Hymn,M'avina's Embrace,Kraken Shell
M'avina's Battle Hymn,M'avina's Icy Clutch,Battle Gauntlets
M'avina's Battle Hymn,M'avina's Tenet,Sharkskin Belt
M'avina's Battle Hymn,M'avina's True Sight,Diadem
Natalya's Odium,Natalya's Totem,Grim Helm
Natalya's Odium,Natalya's Mark,Scissors Suwayyah
Natalya's Odium,Natalya's Shadow,Loricated Mail
Natalya's Odium,Natalya's Soul,Mesh Boots
Naj's Ancient Vestige,Naj's Puzzler,Elder Staff
Naj's Ancient Vestige,Naj's Light Plate,Hellforge Plate
Naj's Ancient Vestige,Naj's Circlet,Circlet
Orphan's Call,Guillaume's Face,Winged Helm
Orphan's Call,Wilhelm's Pride,Battle Belt
Orphan's Call,Magnus' Skin,Sharkskin Gloves
Orphan's Call,Wihtstan's Guard,Round Shield
Sander's Folly,McAuley's Paragon,Cap
Sander's Folly,McAuley's Superstition,Bone Wand
Sander's Folly,McAuley's Taboo,Heavy Gloves
Sander's Folly,McAuley's Riprap,Heavy Boots
Sazabi's Grand Tribute,Sazabi's Cobalt Redeemer,Legend Sword
Sazabi's Grand Tribute,Sazabi's Ghost Liberator,Balrog Skin
Sazabi's Grand Tribute,Sazabi's Mental Sheath,Basinet
Tal Rasha's Wrappings,Tal Rasha's Lidless Eye,Swirling Crystal
Tal Rasha's Wrappings,Tal Rasha's Howling Wind,Lacquered Plate
Tal Rasha's Wrappings,Tal Rasha's Horadric Crest,Death Mask
Tal Rasha's Wrappings,Tal Rasha's Fire-Spun Cloth,Mesh Belt
Tal Rasha's Wrappings,Tal Rasha's Adjudication,Amulet
Trang-Oul's Avatar,Trang-Oul's Guise,Bone Visage
Trang-Oul's Avatar,Trang-Oul's Scales,Chaos Armor
Trang-Oul's Avatar,Trang-Oul's Wing,Cantor Trophy
Trang-Oul's Avatar,Trang-Oul's Girth,Troll Belt
Trang-Oul's Avatar,Trang-Oul's Claws,Heavy Bracers
Bane's Garments,Bane's Oathmaker,Kriss
Bane's Garments,Bane's Wraithskin,Hard Leather Armor
Bane's Garments,Bane's Authority,Light Belt
Horazon's Splendor,Horazon's Countenance,Demonhead
Horazon's Splendor,Horazon's Dominion,Russet Armor
Horazon's Splendor,Horazon's Hold,Demonhide Gloves
Horazon's Splendor,Horazon's Legacy,Mirrored Boots
Warlord's Glory,Warlord's Conquest,Gauntlets
Warlord's Glory,Warlord's Lust,Great Helm
Warlord's Glory,Warlord's Mantle,Full Plate Mail
Warlord's Glory,Warlord's Crushers,Greaves
Warlord's Glory,Warlord's Authority,Plated Belt
Horazon's Splendor,Horazon's Secrets,Occult Codex
